Fitur,Importance
Sosial Skill,0.17048014832202704
Motorik Kasar,0.15148583201484592
Komunikasi/Bahasa Lisan,0.13317110391028583
Menyimak,0.1286430677084205
Motorik Halus,0.1165978699758853
age,0.1005825878912453
Ekspresif,0.08164783602408233
Membaca/Menulis,0.07563377374194485
Kemampuan Pra Akademik,0.04175778041126295
