feature,importance
age,0.1388072388479748
Motorik Kasar,0.12617290235423181
Komunikasi/Bahasa Lisan,0.12451171782185878
Ekspresif,0.12029442670678729
Kemampuan Pra Akademik,0.11819749731739974
Membaca/Menulis,0.11516412542164917
Menyimak,0.10863679487890661
Sosial Skill,0.10282230351841508
Motorik Halus,0.0453929931327767
